protein,position,modification,confidence,confidence_type
P14317,205,,,
P14317,297,,,
P14317,205,,,
P14317,189,,,
P14317,94,,,
P14317,203,,,
P14317,209,,,
P14317,193,,,
P14317,59,,,
P14317,240,,,
P14317,119,,,
P14317,166,,,
P14317,38,,,
P26599,170,,,
P26599,167,,,
P26599,170,,,
P26599,298,,,
P26599,173,,,
P26599,3,,,
P60709,96,,,
P60709,158,,,
P60709,40,,,
P60709,313,,,
P60709,20,,,
P60709,245,,,
P60709,313,,,
P60709,327,,,
Q562R1,97,,,
Q13011,35,,,
Q13011,33,,,
Q13011,34,,,
Q13011,42,,,
Q9UKY7,102,,,
Q9UKY7,181,,,
Q9UKY7,102,,,
Q9UKY7,104,,,
Q9UKY7,102,,,
Q14847,182,,,
Q14847,184,,,
Q14847,95,,,
Q14847,37,,,
Q14847,37,,,
P10606,36,,,
P10606,32,,,
P10606,57,,,
P10606,58,,,
P55209,42,,,
P55209,42,,,
P55209,42,,,
P55209,58,,,
Q8NBS9,45,,,
Q8NBS9,40,,,
Q8NBS9,44,,,
Q8N129,22,,,
Q8N129,22,,,
Q8N129,22,,,
P19338,97,,,
P19338,97,,,
P19338,578,,,
P19338,706,,,
P19338,125,,,
P16949,136,,,
P16949,28,,,
P16949,81,,,
P16949,19,,,
P80723,166,,,
P80723,98,,,
P80723,170,,,
O75995,129,,,
O75995,30,,,
O75995,127,,,
Q9UJU6,19,,,
Q9UJU6,283,,,
Q9UJU6,174,,,
O43399,128,,,
O43399,109,,,
O43399,160,,,
O43399,81,,,
Q6JBY9,273,,,
Q6JBY9,108,,,
Q86SX6,33,,,
Q86SX6,32,,,
Q86SX6,18,,,
P55327,139,,,
P55327,138,,,
P55327,126,,,
O43768,61,,,
O43768,79,,,
O43768,108,,,
P68104,267,,,
P68104,267,,,
P68104,248,,,
Q9UK76,45,,,
Q9UK76,45,,,
O75390,26,,,
O75390,27,,,
O75390,26,,,
O94925,73,,,
O94925,74,,,
O94925,72,,,
O43396,1,,,
O43396,1,,,
P12074,24,,,
P12074,24,,,
P12074,25,,,
P31146,355,,,
P31146,417,,,
P31146,423,,,
Q8IYB3,842,,,
Q8IYB3,853,,,
Q9UEE5,1,,,
Q9UEE5,1,,,
Q13177,149,,,
Q13177,197,,,
Q13177,29,,,
P06396,404,,,
P06396,52,,,
P06396,53,,,
Q9BT23,4,,,
Q9BT23,6,,,
P13639,236,,,
P13639,273,,,
P13639,507,,,
Q13283,2,,,
Q13283,2,,,
Q13185,21,,,
Q13185,92,,,
Q13185,6,,,
O00217,38,,,
O00217,38,,,
P27694,2,,,
P27694,164,,,
P43243,764,,,
P43243,681,,,
P43243,682,,,
P34897,31,,,
P34897,28,,,
P34897,27,,,
Q6P179,36,,,
Q6P179,38,,,
Q9UMS0,59,,,
Q9UMS0,59,,,
P06454,21,,,
P06454,91,,,
P06454,19,,,
O14561,69,,,
O14561,69,,,
Q06830,93,,,
Q06830,93,,,
Q8TBZ6,5,,,
Q8TBZ6,5,,,
O14874,31,,,
O14874,31,,,
Q13838,20,,,
Q13838,20,,,
Q96ND0,97,,,
Q96ND0,97,,,
Q6ZUJ8,737,,,
Q6ZUJ8,149,,,
P52566,50,,,
P52566,31,,,
P11177,23,,,
P11177,24,,,
P06576,47,,,
P06576,47,,,
Q7Z6Z7,1382,,,
Q7Z6Z7,1382,,,
Q7Z6Z7,3665,,,
P48506,2,,,
P48506,2,,,
Q9Y3U8,2,,,
Q9Y3U8,2,,,
O60664,220,,,
O60664,117,,,
O00410,422,,,
O00410,422,,,
P56385,1,,,
P56385,1,,,
Q969Z0,40,,,
Q969Z0,40,,,
Q92945,122,,,
Q92945,71,,,
P22234,233,,,
P22234,233,,,
P14866,33,,,
P14866,36,,,
Q9Y314,133,,,
Q9Y314,133,,,
Q13303,1,,,
Q13303,1,,,
Q9H2P0,740,,,
O75152,682,,,
O75152,682,,,
Q9BX68,45,,,
Q9BX68,31,,,
Q9BV79,31,,,
Q9BV79,35,,,
Q9HCC0,23,,,
O00522,2,,,
P53396,470,,,
P53396,461,,,
Q9Y520,2666,,,
Q9Y520,1977,,,
Q13405,26,,,
Q13405,27,,,
P54819,2,,,
P54819,4,,,
Q14061,3,,,
Q14061,5,,,
P27816,9,,,
P27816,334,,,
P42566,619,,,
P42566,790,,,
Q92734,186,,,
Q92734,164,,,
Q9NWQ8,156,,,
Q9NWQ8,156,,,
P52597,2,,,
P52597,2,,,
P53634,228,,,
P53634,229,,,
P07355,48,,,
P07355,12,,,
O60508,205,,,
O60508,191,,,
P78318,254,,,
P78318,254,,,
P68402,2,,,
P55789,47,,,
Q9H0U6,25,,,
A8MW06,21,,,
A8MW06,27,,,
P31930,35,,,
Q9P2A4,170,,,
P49327,1152,,,
P49327,1152,,,
O95433,19,,,
O95433,21,,,
P05388,278,,,
P61586,134,,,
P61586,134,,,
Q8IVS2,22,,,
Q9Y5A9,368,,,
Q5T9A4,10,,,
Q8NI22,134,,,
Q8NI22,94,,,
Q9BVG4,23,,,
P07919,14,,,
P52948,884,,,
Q96K76,1,,,
Q96K76,1,,,
P50914,200,,,
P50914,183,,,
P50914,178,,,
P23786,26,,,
P23786,25,,,
O15063,1032,,,
P12270,2148,,,
P35914,21,,,
P35914,21,,,
Q7L513,350,,,
Q7L513,266,,,
Q9GZP4,188,,,
Q7L014,872,,,
Q7L014,904,,,
O43852,274,,,
O43852,274,,,
P22307,406,,,
P22307,425,,,
Q9HB71,51,,,
Q7L592,30,,,
Q16543,122,,,
Q16543,68,,,
P04843,25,,,
P04843,25,,,
Q9UMY4,22,,,
P38117,205,,,
Q9H4L4,47,,,
Q96KR1,105,,,
Q13362,12,,,
Q9Y678,112,,,
Q9Y678,112,,,
Q9Y678,112,,,
O75251,30,,,
Q9NZJ6,86,,,
Q9UHP3,2,,,
Q9UBV2,22,,,
P60866,5,,,
P51398,31,,,
P51398,33,,,
Q9P2N5,1,,,
Q9P2N5,719,,,
Q02447,531,,,
Q8NI60,163,,,
A3KMH1,46,,,
P37108,43,,,
P26368,129,,,
P26368,129,,,
Q5T8P6,5,,,
Q5T8P6,5,,,
Q5JSP0,18,,,
Q8N1G4,526,,,
Q13136,219,,,
Q9UMS4,191,,,
P46940,9,,,
Q9H910,17,,,
P31943,2,,,
Q13469,68,,,
O75439,44,,,
P00505,16,,,
Q14696,33,,,
Q16595,81,,,
Q9Y3D0,2,,,
P61604,21,,,
P61604,21,,,
Q15067,469,,,
Q6JQN1,637,,,
O43181,43,,,
Q8WU39,29,,,
P39880,1343,,,
Q32P41,58,,,
Q32P41,58,,,
P05386,78,,,
Q96PE7,29,,,
Q14657,29,,,
Q6GMV3,17,,,
P51610,1296,,,
Q13263,686,,,
Q13263,580,,,
O95831,114,,,
Q16633,1,,,
Q68CZ2,776,,,
Q8N183,131,,,
Q8N183,111,,,
Q12931,60,,,
P82650,54,,,
Q15181,58,,,
Q15181,58,,,
P51553,39,,,
P07237,18,,,
Q10713,34,,,
P26440,30,,,
P13284,29,,,
Q9BPW8,36,,,
Q9BPW8,144,,,
P04181,18,,,
Q1KMD3,127,,,
O15042,738,,,
O15042,738,,,
Q15118,29,,,
O00116,73,,,
P56556,35,,,
Q02338,47,,,
Q02338,48,,,
Q96IX5,2,,,
Q13206,601,,,
O00411,41,,,
P09669,1,,,
P09669,1,,,
Q9HB40,27,,,
P48643,264,,,
Q8TD30,25,,,
Q9Y4C1,2,,,
P68363,321,,,
P27797,208,,,
P47914,131,,,
P51948,189,,,
Q8TDM0,31,,,
O60361,74,,,
O60361,62,,,
P63313,2,,,
P63313,27,,,
P30084,28,,,
P0C7P4,88,,,
P53675,507,,,
O95817,159,,,
P49590,35,,,
Q8NDX1,337,,,
Q00688,97,,,
P09234,11,,,
Q9UII2,26,,,
P54886,43,,,
P54886,44,,,
P21912,29,,,
Q16836,12,,,
P15311,263,,,
P49750,745,,,
P63000,133,,,
Q96EK6,1,,,
Q96EK6,1,,,
P46776,93,,,
Q13765,55,,,
P32119,92,,,
O75925,101,,,
P20674,42,,,
P15153,133,,,
Q01518,317,,,
Q8IYS1,4,,,
Q9NYF8,551,,,
Q9NYF8,537,,,
Q9Y266,316,,,
Q9Y266,2,,,
Q5JTZ9,26,,,
P49411,91,,,
Q9NT62,10,,,
Q96HQ2,2,,,
Q14289,27,,,
Q6PKG0,173,,,
Q99880,2,,,
P49006,64,,,
Q9Y2Z4,31,,,
P37802,161,,,
Q99807,36,,,
P39023,298,,,
Q9Y6M9,2,,,
O15143,308,,,
Q86VP1,13,,,
Q96EH3,61,,,
Q8NI37,14,,,
Q99490,629,,,
P22681,807,,,
Q7Z7H5,30,,,
Q13492,373,,,
Q9UKB3,181,,,
P13667,24,,,
Q9H147,2,,,
P30740,345,,,
Q5ST30,27,,,
P56182,447,,,
Q15526,45,,,
Q15365,246,,,
O75934,15,,,
Q92558,254,,,
Q02252,33,,,
Q02252,34,,,
Q9BUJ2,97,,,
P62273,2,,,
Q15843,43,,,
Q15084,143,,,
P10176,26,,,
P49748,41,,,
Q9Y399,42,,,
Q9Y3A3,2,,,
Q8IVD9,333,,,
O43719,421,,,
P62851,61,,,
P21333,1049,,,
P26639,14,,,
Q9UKF6,468,,,
P22695,22,,,
O60814,2,,,
Q92947,24,,,
Q8TAE8,69,,,
Q9NSE4,45,,,
Q15003,7,,,
P62304,10,,,
P50579,423,,,
P50579,423,,,
Q00839,182,,,
Q8NFU3,2,,,
Q9H4M9,474,,,
Q02790,409,,,
P37837,270,,,
Q9Y285,115,,,
O60885,1100,,,
O00762,18,,,
Q969S9,46,,,
Q53SF7,963,,,
Q92643,28,,,
Q12872,575,,,
Q9UKX7,60,,,
P04406,201,,,
O60812,158,,,
P25686,262,,,
O75475,434,,,
Q86U28,38,,,
Q9Y375,36,,,
Q96PU8,75,,,
P23588,340,,,
P62249,2,,,
P36957,198,,,
P30101,499,,,
P30101,500,,,
P62280,36,,,
Q9UNZ2,248,,,
Q9H444,15,,,
P23527,2,,,
Q5BKU9,58,,,
P00367,54,,,
Q92665,161,,,
Q3ZCQ8,332,,,
Q9NWU1,31,,,
A6NEC2,39,,,
Q92783,3,,,
O95219,352,,,
O75489,38,,,
P33241,252,,,
Q15691,151,,,
Q96RP9,36,,,
Q04864,362,,,
P16401,2,,,
Q12955,4265,,,
P58876,2,,,
P43487,180,,,
P22626,317,,,
P35579,1154,,,
O94913,239,,,
O75367,173,,,
P31949,53,,,
Q8ND56,172,,,
Q9NX40,236,,,
Q9BY77,235,,,
P20290,165,,,
P49755,32,,,
Q7Z2W9,41,,,
Q15653,160,,,
Q86WC4,32,,,
P33316,70,,,
Q07866,9,,,
Q99543,1,,,
O60749,117,,,
P10412,2,,,
P16403,2,,,
P08238,339,,,
Q8WW12,21,,,
P15954,17,,,
P0CG05,44,,,
Q86UX7,345,,,
Q6NYC8,469,,,
P62424,122,,,
Q9H6T3,581,,,
Q99961,9,,,
P45974,783,,,
Q15185,94,,,
P40227,242,,,
O00193,175,,,
Q9BQ95,49,,,
P42229,690,,,
P19404,33,,,
Q71RC2,3,,,
P61254,1,,,
Q07820,17,,,
Q86XP3,702,,,
Q9UPN9,830,,,
Q13162,35,,,
P49406,45,,,
O60832,426,,,
P26373,136,,,
Q12906,440,,,
P00441,124,,,
P03928,28,,,
Q9NTG7,111,,,
Q8N684,34,,,
P39019,28,,,
Q9H2U2,32,,,
Q92544,24,,,
P46459,105,,,
Q15785,4,,,
P00491,174,,,
Q15056,121,,,
P10515,85,,,
Q9H7H0,28,,,
P23193,125,,,
Q5RI15,2,,,
O14773,197,,,
O14773,20,,,
P55084,34,,,
Q4G176,32,,,
P23396,10,,,
Q01105,183,,,
P42677,2,,,
O75880,68,,,
Q99829,76,,,
P50851,981,,,
Q9UBF2,112,,,
O43488,29,,,
O43488,29,,,
Q14151,294,,,
P23528,22,,,
Q7Z5R6,508,,,
P62942,49,,,
P40926,18,,,
P61077,6,,,
P04080,4,,,
Q13547,388,,,
Q3V6T2,1715,,,
P50440,38,,,
P09086,2,,,
Q9BX40,145,,,
Q9UKM9,170,,,
Q8NE71,105,,,
Q5TEU4,29,,,
P61011,395,,,
Q9BYD3,22,,,
P20810,242,,,
P82673,23,,,
P62081,1,,,
P62081,1,,,
Q13404,127,,,
P82664,50,,,
Q92785,116,,,
Q02878,88,,,
Q9Y305,23,,,
Q96I25,242,,,
Q96CU9,25,,,
Q9BTF0,50,,,
Q14978,453,,,
P48723,24,,,
Q9Y5V0,62,,,
Q9Y5X3,178,,,
P68431,28,,,
Q7L0Y3,41,,,
P28838,28,,,
P29590,445,,,
P42766,33,,,
Q9UJY4,113,,,
P55884,7,,,
P13073,23,,,
P19484,74,,,
O15144,291,,,
O00148,135,,,
P68366,321,,,
P31040,33,,,
Q9H0Z9,125,,,
Q9C0C9,1226,,,
P18621,154,,,
A6NGN9,299,,,
P53990,1,,,
Q8N2M8,1,,,
Q13303,1,,,
Q13303,1,,,
O75439,44,,,
P51553,39,,,
Q8TD30,25,,,
O94925,73,,,
Q9BV79,31,,,
Q5ST30,27,,,
Q8NBJ7,27,,,
Q9BX68,31,,,
P34897,28,,,
P54819,4,,,
Q13283,2,,,
P21912,29,,,
P04181,18,,,
Q16836,12,,,
P35914,21,,,
Q9BTF0,50,,,
Q9H2W6,33,,,
P62273,2,,,
O95822,28,,,
P33316,70,,,
Q9Y3A3,2,,,
P14866,36,,,